CohortID,CohortName,StartDate,EndDate
COH001,AI Academy,2025-01-15,2025-06-15
COH002,DevOps,2025-02-01,2025-07-01
COH003,Demand 2,2025-02-15,2025-07-15
COH004,Babes with Bytes,2025-03-01,2025-08-01
COH005,Cloud Academy,2025-03-15,2025-08-15
COH006,Demand 8,2025-04-01,2025-09-01
COH007,SYSTEM SUPPORT,2025-04-15,2025-09-15