CandidateID,FirstName,LastName,Gender,Age,Email,PhoneNumber,TeamID,CohortID,ProvinceID,BranchID,EnrollmentDate,CohortName,StartDate,EndDate,AgeGroup,EnrollmentDuration
CAN001,Thabo,Mthembu,Male,24,thabo.mthembu@capaciti.org.za,823456789,TM001,COH001,PROV001,BR001,2025-01-15,AI Academy,2025-01-15,2025-06-15,18-25,151
CAN002,Nomsa,Dlamini,Female,27,nomsa.dlamini@capaciti.org.za,834567890,TM001,COH001,PROV001,BR001,2025-01-15,AI Academy,2025-01-15,2025-06-15,26-30,151
CAN003,Sipho,Nkosi,Male,22,sipho.nkosi@capaciti.org.za,845678901,TM001,COH001,PROV001,BR001,2025-01-15,AI Academy,2025-01-15,2025-06-15,18-25,151
CAN004,Precious,Mahlangu,Female,29,precious.mahlangu@capaciti.org.za,856789012,TM001,COH001,PROV001,BR001,2025-01-15,AI Academy,2025-01-15,2025-06-15,26-30,151
CAN005,Lucky,Zwane,Male,26,lucky.zwane@capaciti.org.za,867890123,TM001,COH001,PROV001,BR001,2025-01-15,AI Academy,2025-01-15,2025-06-15,26-30,151
CAN006,Aisha,Williams,Female,25,aisha.williams@capaciti.org.za,878901234,TM002,COH001,PROV002,BR002,2025-01-15,AI Academy,2025-01-15,2025-06-15,18-25,151
CAN007,Devon,Smith,Male,23,devon.smith@capaciti.org.za,889012345,TM002,COH001,PROV002,BR002,2025-01-15,AI Academy,2025-01-15,2025-06-15,18-25,151
CAN008,Zara,Johnson,Female,28,zara.johnson@capaciti.org.za,890123456,TM002,COH001,PROV002,BR002,2025-01-15,AI Academy,2025-01-15,2025-06-15,26-30,151
CAN009,Kyle,Brown,Male,24,kyle.brown@capaciti.org.za,801234567,TM002,COH001,PROV002,BR002,2025-01-15,AI Academy,2025-01-15,2025-06-15,18-25,151
CAN010,Nomhle,Mthethwa,Female,31,nomhle.mthethwa@capaciti.org.za,812345678,TM003,COH001,PROV003,BR003,2025-01-15,AI Academy,2025-01-15,2025-06-15,31-35,151
CAN011,Luyanda,Gqomo,Male,26,luyanda.gqomo@capaciti.org.za,823456780,TM003,COH001,PROV003,BR003,2025-01-15,AI Academy,2025-01-15,2025-06-15,26-30,151
CAN012,Anathi,Mfengu,Female,24,anathi.mfengu@capaciti.org.za,834567891,TM003,COH001,PROV003,BR003,2025-01-15,AI Academy,2025-01-15,2025-06-15,18-25,151
CAN013,Lunga,Nyathi,Male,27,lunga.nyathi@capaciti.org.za,845678902,TM003,COH001,PROV003,BR003,2025-01-15,AI Academy,2025-01-15,2025-06-15,26-30,151
CAN014,Yolanda,Jali,Female,25,yolanda.jali@capaciti.org.za,856789013,TM003,COH001,PROV003,BR003,2025-01-15,AI Academy,2025-01-15,2025-06-15,18-25,151
CAN015,Siyanda,Mbeki,Male,29,siyanda.mbeki@capaciti.org.za,867890124,TM003,COH001,PROV003,BR003,2025-01-15,AI Academy,2025-01-15,2025-06-15,26-30,151
CAN016,Naledi,Mokwena,Female,23,naledi.mokwena@capaciti.org.za,878901235,TM004,COH001,PROV004,BR004,2025-01-15,AI Academy,2025-01-15,2025-06-15,18-25,151
CAN017,Tebogo,Motsepe,Male,28,tebogo.motsepe@capaciti.org.za,889012346,TM004,COH001,PROV004,BR004,2025-01-15,AI Academy,2025-01-15,2025-06-15,26-30,151
CAN018,Lerato,Maseko,Female,26,lerato.maseko@capaciti.org.za,890123457,TM004,COH001,PROV004,BR004,2025-01-15,AI Academy,2025-01-15,2025-06-15,26-30,151
CAN019,Neo,Radebe,Male,24,neo.radebe@capaciti.org.za,801234568,TM004,COH001,PROV004,BR004,2025-01-15,AI Academy,2025-01-15,2025-06-15,18-25,151
CAN020,Boitumelo,Kgomo,Female,27,boitumelo.kgomo@capaciti.org.za,812345679,TM004,COH001,PROV004,BR004,2025-01-15,AI Academy,2025-01-15,2025-06-15,26-30,151
CAN021,Mandla,Shongwe,Male,25,mandla.shongwe@capaciti.org.za,823456781,TM005,COH002,PROV001,BR001,2025-02-01,DevOps,2025-02-01,2025-07-01,18-25,150
CAN022,Lindiwe,Mabuza,Female,30,lindiwe.mabuza@capaciti.org.za,834567892,TM005,COH002,PROV001,BR001,2025-02-01,DevOps,2025-02-01,2025-07-01,26-30,150
CAN023,Themba,Vilakazi,Male,22,themba.vilakazi@capaciti.org.za,845678903,TM005,COH002,PROV001,BR001,2025-02-01,DevOps,2025-02-01,2025-07-01,18-25,150
CAN024,Ntombi,Ngwenya,Female,26,ntombi.ngwenya@capaciti.org.za,856789014,TM005,COH002,PROV001,BR001,2025-02-01,DevOps,2025-02-01,2025-07-01,26-30,150
CAN025,Keegan,Adams,Male,24,keegan.adams@capaciti.org.za,867890125,TM006,COH002,PROV002,BR002,2025-02-01,DevOps,2025-02-01,2025-07-01,18-25,150
CAN026,Chloe,Davies,Female,27,chloe.davies@capaciti.org.za,878901236,TM006,COH002,PROV002,BR002,2025-02-01,DevOps,2025-02-01,2025-07-01,26-30,150
CAN027,Ryan,Taylor,Male,23,ryan.taylor@capaciti.org.za,889012347,TM006,COH002,PROV002,BR002,2025-02-01,DevOps,2025-02-01,2025-07-01,18-25,150
CAN028,Mia,Wilson,Female,29,mia.wilson@capaciti.org.za,890123458,TM006,COH002,PROV002,BR002,2025-02-01,DevOps,2025-02-01,2025-07-01,26-30,150
CAN029,Luke,Miller,Male,25,luke.miller@capaciti.org.za,801234569,TM006,COH002,PROV002,BR002,2025-02-01,DevOps,2025-02-01,2025-07-01,18-25,150
CAN030,Busisiwe,Mnguni,Female,28,busisiwe.mnguni@capaciti.org.za,812345680,TM007,COH002,PROV003,BR003,2025-02-01,DevOps,2025-02-01,2025-07-01,26-30,150
CAN031,Khanyisile,Cele,Male,24,khanyisile.cele@capaciti.org.za,823456782,TM007,COH002,PROV003,BR003,2025-02-01,DevOps,2025-02-01,2025-07-01,18-25,150
CAN032,Sindiswa,Mthembu,Female,26,sindiswa.mthembu@capaciti.org.za,834567893,TM007,COH002,PROV003,BR003,2025-02-01,DevOps,2025-02-01,2025-07-01,26-30,150
CAN033,Vuyani,Dlomo,Male,31,vuyani.dlomo@capaciti.org.za,845678904,TM007,COH002,PROV003,BR003,2025-02-01,DevOps,2025-02-01,2025-07-01,31-35,150
CAN034,Nomsa,Phiri,Female,23,nomsa.phiri@capaciti.org.za,856789015,TM007,COH002,PROV003,BR003,2025-02-01,DevOps,2025-02-01,2025-07-01,18-25,150
CAN035,Sizani,Mthethwa,Male,27,sizani.mthethwa@capaciti.org.za,867890126,TM007,COH002,PROV003,BR003,2025-02-01,DevOps,2025-02-01,2025-07-01,26-30,150
CAN036,Kgomotso,Malatji,Female,25,kgomotso.malatji@capaciti.org.za,878901237,TM008,COH002,PROV004,BR004,2025-02-01,DevOps,2025-02-01,2025-07-01,18-25,150
CAN037,Mpho,Selepe,Male,29,mpho.selepe@capaciti.org.za,889012348,TM008,COH002,PROV004,BR004,2025-02-01,DevOps,2025-02-01,2025-07-01,26-30,150
CAN038,Dineo,Mogale,Female,24,dineo.mogale@capaciti.org.za,890123459,TM008,COH002,PROV004,BR004,2025-02-01,DevOps,2025-02-01,2025-07-01,18-25,150
CAN039,Kabelo,Motaung,Male,26,kabelo.motaung@capaciti.org.za,801234570,TM008,COH002,PROV004,BR004,2025-02-01,DevOps,2025-02-01,2025-07-01,26-30,150
CAN040,Nkosana,Mabena,Male,22,nkosana.mabena@capaciti.org.za,812345681,TM009,COH003,PROV001,BR001,2025-02-15,Demand 2,2025-02-15,2025-07-15,18-25,150
CAN041,Thandi,Mthembu,Female,28,thandi.mthembu@capaciti.org.za,823456783,TM009,COH003,PROV001,BR001,2025-02-15,Demand 2,2025-02-15,2025-07-15,26-30,150
CAN042,Sthembiso,Ngubane,Male,25,sthembiso.ngubane@capaciti.org.za,834567894,TM009,COH003,PROV001,BR001,2025-02-15,Demand 2,2025-02-15,2025-07-15,18-25,150
CAN043,Zinhle,Sibiya,Female,30,zinhle.sibiya@capaciti.org.za,845678905,TM009,COH003,PROV001,BR001,2025-02-15,Demand 2,2025-02-15,2025-07-15,26-30,150
CAN044,Bongani,Khumalo,Male,27,bongani.khumalo@capaciti.org.za,856789016,TM009,COH003,PROV001,BR001,2025-02-15,Demand 2,2025-02-15,2025-07-15,26-30,150
CAN045,Jade,Robinson,Female,24,jade.robinson@capaciti.org.za,867890127,TM010,COH003,PROV002,BR002,2025-02-15,Demand 2,2025-02-15,2025-07-15,18-25,150
CAN046,Cameron,Lewis,Male,26,cameron.lewis@capaciti.org.za,878901238,TM010,COH003,PROV002,BR002,2025-02-15,Demand 2,2025-02-15,2025-07-15,26-30,150
CAN047,Emma,Harris,Female,23,emma.harris@capaciti.org.za,889012349,TM010,COH003,PROV002,BR002,2025-02-15,Demand 2,2025-02-15,2025-07-15,18-25,150
CAN048,Josh,Clark,Male,28,josh.clark@capaciti.org.za,890123460,TM010,COH003,PROV002,BR002,2025-02-15,Demand 2,2025-02-15,2025-07-15,26-30,150
CAN049,Olivia,Walker,Female,25,olivia.walker@capaciti.org.za,801234571,TM010,COH003,PROV002,BR002,2025-02-15,Demand 2,2025-02-15,2025-07-15,18-25,150
CAN050,Zoe,Hall,Female,27,zoe.hall@capaciti.org.za,812345682,TM010,COH003,PROV002,BR002,2025-02-15,Demand 2,2025-02-15,2025-07-15,26-30,150
CAN051,Amahle,Gwala,Female,29,amahle.gwala@capaciti.org.za,823456784,TM011,COH003,PROV003,BR003,2025-02-15,Demand 2,2025-02-15,2025-07-15,26-30,150
CAN052,Siyabonga,Nkomo,Male,24,siyabonga.nkomo@capaciti.org.za,834567895,TM011,COH003,PROV003,BR003,2025-02-15,Demand 2,2025-02-15,2025-07-15,18-25,150
CAN053,Nomfundo,Tshabalala,Female,26,nomfundo.tshabalala@capaciti.org.za,845678906,TM011,COH003,PROV003,BR003,2025-02-15,Demand 2,2025-02-15,2025-07-15,26-30,150
CAN054,Khulekani,Mthembu,Male,31,khulekani.mthembu@capaciti.org.za,856789017,TM011,COH003,PROV003,BR003,2025-02-15,Demand 2,2025-02-15,2025-07-15,31-35,150
CAN055,Refilwe,Mmotong,Female,25,refilwe.mmotong@capaciti.org.za,867890128,TM012,COH003,PROV004,BR004,2025-02-15,Demand 2,2025-02-15,2025-07-15,18-25,150
CAN056,Thulani,Dlamini,Male,28,thulani.dlamini@capaciti.org.za,878901239,TM012,COH003,PROV004,BR004,2025-02-15,Demand 2,2025-02-15,2025-07-15,26-30,150
CAN057,Palesa,Mokoena,Female,23,palesa.mokoena@capaciti.org.za,889012350,TM012,COH003,PROV004,BR004,2025-02-15,Demand 2,2025-02-15,2025-07-15,18-25,150
CAN058,Tshepo,Mothiba,Male,27,tshepo.mothiba@capaciti.org.za,890123461,TM012,COH003,PROV004,BR004,2025-02-15,Demand 2,2025-02-15,2025-07-15,26-30,150
CAN059,Lebohang,Tau,Male,24,lebohang.tau@capaciti.org.za,801234572,TM012,COH003,PROV004,BR004,2025-02-15,Demand 2,2025-02-15,2025-07-15,18-25,150
CAN060,Nobuhle,Mthethwa,Female,30,nobuhle.mthethwa@capaciti.org.za,812345683,TM013,COH004,PROV001,BR001,2025-03-01,Babes with Bytes,2025-03-01,2025-08-01,26-30,153
CAN061,Sizwe,Majola,Male,26,sizwe.majola@capaciti.org.za,823456785,TM013,COH004,PROV001,BR001,2025-03-01,Babes with Bytes,2025-03-01,2025-08-01,26-30,153
CAN062,Nomcebo,Shezi,Female,22,nomcebo.shezi@capaciti.org.za,834567896,TM013,COH004,PROV001,BR001,2025-03-01,Babes with Bytes,2025-03-01,2025-08-01,18-25,153
CAN063,Mthunzi,Gumede,Male,29,mthunzi.gumede@capaciti.org.za,845678907,TM013,COH004,PROV001,BR001,2025-03-01,Babes with Bytes,2025-03-01,2025-08-01,26-30,153
CAN064,Zanele,Moyo,Female,25,zanele.moyo@capaciti.org.za,856789018,TM013,COH004,PROV001,BR001,2025-03-01,Babes with Bytes,2025-03-01,2025-08-01,18-25,153
CAN065,Sbongile,Mncwabe,Female,28,sbongile.mncwabe@capaciti.org.za,867890129,TM013,COH004,PROV001,BR001,2025-03-01,Babes with Bytes,2025-03-01,2025-08-01,26-30,153
CAN066,Megan,Green,Female,24,megan.green@capaciti.org.za,878901240,TM014,COH004,PROV002,BR002,2025-03-01,Babes with Bytes,2025-03-01,2025-08-01,18-25,153
CAN067,Daniel,White,Male,27,daniel.white@capaciti.org.za,889012351,TM014,COH004,PROV002,BR002,2025-03-01,Babes with Bytes,2025-03-01,2025-08-01,26-30,153
CAN068,Sophie,King,Female,23,sophie.king@capaciti.org.za,890123462,TM014,COH004,PROV002,BR002,2025-03-01,Babes with Bytes,2025-03-01,2025-08-01,18-25,153
CAN069,Matthew,Scott,Male,31,matthew.scott@capaciti.org.za,801234573,TM014,COH004,PROV002,BR002,2025-03-01,Babes with Bytes,2025-03-01,2025-08-01,31-35,153
CAN070,Athenkosi,Mbeki,Male,25,athenkosi.mbeki@capaciti.org.za,812345684,TM015,COH004,PROV003,BR003,2025-03-01,Babes with Bytes,2025-03-01,2025-08-01,18-25,153
CAN071,Asanda,Mtolo,Female,28,asanda.mtolo@capaciti.org.za,823456786,TM015,COH004,PROV003,BR003,2025-03-01,Babes with Bytes,2025-03-01,2025-08-01,26-30,153
CAN072,Lwazi,Botha,Male,24,lwazi.botha@capaciti.org.za,834567897,TM015,COH004,PROV003,BR003,2025-03-01,Babes with Bytes,2025-03-01,2025-08-01,18-25,153
CAN073,Zethu,Nxumalo,Female,26,zethu.nxumalo@capaciti.org.za,845678908,TM015,COH004,PROV003,BR003,2025-03-01,Babes with Bytes,2025-03-01,2025-08-01,26-30,153
CAN074,Siviwe,Magubane,Male,27,siviwe.magubane@capaciti.org.za,856789019,TM015,COH004,PROV003,BR003,2025-03-01,Babes with Bytes,2025-03-01,2025-08-01,26-30,153
CAN075,Mapaseka,Mokhele,Female,29,mapaseka.mokhele@capaciti.org.za,867890130,TM016,COH004,PROV004,BR004,2025-03-01,Babes with Bytes,2025-03-01,2025-08-01,26-30,153
CAN076,Tshepiso,Mthombeni,Male,22,tshepiso.mthombeni@capaciti.org.za,878901241,TM016,COH004,PROV004,BR004,2025-03-01,Babes with Bytes,2025-03-01,2025-08-01,18-25,153
CAN077,Bontle,Ntshingila,Female,25,bontle.ntshingila@capaciti.org.za,889012352,TM016,COH004,PROV004,BR004,2025-03-01,Babes with Bytes,2025-03-01,2025-08-01,18-25,153
CAN078,Given,Matsane,Male,28,given.matsane@capaciti.org.za,890123463,TM016,COH004,PROV004,BR004,2025-03-01,Babes with Bytes,2025-03-01,2025-08-01,26-30,153
CAN079,Kelebogile,Mphahlele,Female,24,kelebogile.mphahlele@capaciti.org.za,801234574,TM016,COH004,PROV004,BR004,2025-03-01,Babes with Bytes,2025-03-01,2025-08-01,18-25,153
CAN080,Simphiwe,Mahlangu,Male,26,simphiwe.mahlangu@capaciti.org.za,812345685,TM017,COH005,PROV001,BR001,2025-03-15,Cloud Academy,2025-03-15,2025-08-15,26-30,153
CAN081,Thandiwe,Mdluli,Female,30,thandiwe.mdluli@capaciti.org.za,823456787,TM017,COH005,PROV001,BR001,2025-03-15,Cloud Academy,2025-03-15,2025-08-15,26-30,153
CAN082,Sandile,Masuku,Male,23,sandile.masuku@capaciti.org.za,834567898,TM017,COH005,PROV001,BR001,2025-03-15,Cloud Academy,2025-03-15,2025-08-15,18-25,153
CAN083,Nomsa,Phungula,Female,27,nomsa.phungula@capaciti.org.za,845678909,TM017,COH005,PROV001,BR001,2025-03-15,Cloud Academy,2025-03-15,2025-08-15,26-30,153
CAN084,Isabella,Young,Female,25,isabella.young@capaciti.org.za,856789020,TM018,COH005,PROV002,BR002,2025-03-15,Cloud Academy,2025-03-15,2025-08-15,18-25,153
CAN085,Alexander,Thompson,Male,29,alexander.thompson@capaciti.org.za,867890131,TM018,COH005,PROV002,BR002,2025-03-15,Cloud Academy,2025-03-15,2025-08-15,26-30,153
CAN086,Grace,Anderson,Female,24,grace.anderson@capaciti.org.za,878901242,TM018,COH005,PROV002,BR002,2025-03-15,Cloud Academy,2025-03-15,2025-08-15,18-25,153
CAN087,James,Thomas,Male,26,james.thomas@capaciti.org.za,889012353,TM018,COH005,PROV002,BR002,2025-03-15,Cloud Academy,2025-03-15,2025-08-15,26-30,153
CAN088,Charlotte,Jackson,Female,22,charlotte.jackson@capaciti.org.za,890123464,TM018,COH005,PROV002,BR002,2025-03-15,Cloud Academy,2025-03-15,2025-08-15,18-25,153
CAN089,Benjamin,Martin,Male,28,benjamin.martin@capaciti.org.za,801234575,TM018,COH005,PROV002,BR002,2025-03-15,Cloud Academy,2025-03-15,2025-08-15,26-30,153
CAN090,Aphiwe,Masango,Female,27,aphiwe.masango@capaciti.org.za,812345686,TM019,COH005,PROV003,BR003,2025-03-15,Cloud Academy,2025-03-15,2025-08-15,26-30,153
CAN091,Mzwandile,Duma,Male,25,mzwandile.duma@capaciti.org.za,823456788,TM019,COH005,PROV003,BR003,2025-03-15,Cloud Academy,2025-03-15,2025-08-15,18-25,153
CAN092,Nokuthula,Jiyane,Female,31,nokuthula.jiyane@capaciti.org.za,834567899,TM019,COH005,PROV003,BR003,2025-03-15,Cloud Academy,2025-03-15,2025-08-15,31-35,153
CAN093,Bonginkosi,Mthembu,Male,24,bonginkosi.mthembu@capaciti.org.za,845678910,TM019,COH005,PROV003,BR003,2025-03-15,Cloud Academy,2025-03-15,2025-08-15,18-25,153
CAN094,Sibongile,Zungu,Female,26,sibongile.zungu@capaciti.org.za,856789021,TM019,COH005,PROV003,BR003,2025-03-15,Cloud Academy,2025-03-15,2025-08-15,26-30,153
CAN095,Kamogelo,Letsoalo,Female,23,kamogelo.letsoalo@capaciti.org.za,867890132,TM020,COH005,PROV004,BR004,2025-03-15,Cloud Academy,2025-03-15,2025-08-15,18-25,153
CAN096,Phillip,Mthembu,Male,28,phillip.mthembu@capaciti.org.za,878901243,TM020,COH005,PROV004,BR004,2025-03-15,Cloud Academy,2025-03-15,2025-08-15,26-30,153
CAN097,Kgothatso,Mogale,Male,25,kgothatso.mogale@capaciti.org.za,889012354,TM020,COH005,PROV004,BR004,2025-03-15,Cloud Academy,2025-03-15,2025-08-15,18-25,153
CAN098,Tshegofatso,Makhubela,Female,27,tshegofatso.makhubela@capaciti.org.za,890123465,TM020,COH005,PROV004,BR004,2025-03-15,Cloud Academy,2025-03-15,2025-08-15,26-30,153
CAN099,Musa,Mbhele,Male,30,musa.mbhele@capaciti.org.za,801234576,TM021,COH006,PROV001,BR001,2025-04-01,Demand 8,2025-04-01,2025-09-01,26-30,153
CAN100,Nthabiseng,Moremi,Female,24,nthabiseng.moremi@capaciti.org.za,812345687,TM021,COH006,PROV001,BR001,2025-04-01,Demand 8,2025-04-01,2025-09-01,18-25,153
CAN101,Thulisile,Dlamini,Female,26,thulisile.dlamini@capaciti.org.za,823456789,TM021,COH006,PROV001,BR001,2025-04-01,Demand 8,2025-04-01,2025-09-01,26-30,153
CAN102,Bheki,Mthembu,Male,22,bheki.mthembu@capaciti.org.za,834567890,TM021,COH006,PROV001,BR001,2025-04-01,Demand 8,2025-04-01,2025-09-01,18-25,153
CAN103,Zanele,Nkomo,Female,29,zanele.nkomo@capaciti.org.za,845678901,TM021,COH006,PROV001,BR001,2025-04-01,Demand 8,2025-04-01,2025-09-01,26-30,153
CAN104,Tyler,Roberts,Male,25,tyler.roberts@capaciti.org.za,856789012,TM022,COH006,PROV002,BR002,2025-04-01,Demand 8,2025-04-01,2025-09-01,18-25,153
CAN105,Amy,Edwards,Female,28,amy.edwards@capaciti.org.za,867890123,TM022,COH006,PROV002,BR002,2025-04-01,Demand 8,2025-04-01,2025-09-01,26-30,153
CAN106,Nathan,Evans,Male,24,nathan.evans@capaciti.org.za,878901234,TM022,COH006,PROV002,BR002,2025-04-01,Demand 8,2025-04-01,2025-09-01,18-25,153
CAN107,Hannah,Turner,Female,27,hannah.turner@capaciti.org.za,889012345,TM022,COH006,PROV002,BR002,2025-04-01,Demand 8,2025-04-01,2025-09-01,26-30,153
CAN108,Nomonde,Majola,Female,31,nomonde.majola@capaciti.org.za,890123456,TM023,COH006,PROV003,BR003,2025-04-01,Demand 8,2025-04-01,2025-09-01,31-35,153
CAN109,Mandla,Shezi,Male,23,mandla.shezi@capaciti.org.za,801234567,TM023,COH006,PROV003,BR003,2025-04-01,Demand 8,2025-04-01,2025-09-01,18-25,153
CAN110,Noluthando,Gumede,Female,26,noluthando.gumede@capaciti.org.za,812345678,TM023,COH006,PROV003,BR003,2025-04-01,Demand 8,2025-04-01,2025-09-01,26-30,153
CAN111,Sifiso,Moyo,Male,28,sifiso.moyo@capaciti.org.za,823456789,TM023,COH006,PROV003,BR003,2025-04-01,Demand 8,2025-04-01,2025-09-01,26-30,153
CAN112,Nonkululeko,Mncwabe,Female,25,nonkululeko.mncwabe@capaciti.org.za,834567890,TM023,COH006,PROV003,BR003,2025-04-01,Demand 8,2025-04-01,2025-09-01,18-25,153
CAN113,Ayanda,Mthethwa,Male,27,ayanda.mthethwa@capaciti.org.za,845678901,TM023,COH006,PROV003,BR003,2025-04-01,Demand 8,2025-04-01,2025-09-01,26-30,153
CAN114,Rethabile,Mofokeng,Female,24,rethabile.mofokeng@capaciti.org.za,856789012,TM024,COH006,PROV004,BR004,2025-04-01,Demand 8,2025-04-01,2025-09-01,18-25,153
CAN115,Mmabatho,Tau,Female,29,mmabatho.tau@capaciti.org.za,867890123,TM024,COH006,PROV004,BR004,2025-04-01,Demand 8,2025-04-01,2025-09-01,26-30,153
CAN116,Kagiso,Molefe,Male,26,kagiso.molefe@capaciti.org.za,878901234,TM024,COH006,PROV004,BR004,2025-04-01,Demand 8,2025-04-01,2025-09-01,26-30,153
CAN117,Masego,Morake,Female,22,masego.morake@capaciti.org.za,889012345,TM024,COH006,PROV004,BR004,2025-04-01,Demand 8,2025-04-01,2025-09-01,18-25,153
CAN118,Tumelo,Letsholonyane,Male,28,tumelo.letsholonyane@capaciti.org.za,890123456,TM024,COH006,PROV004,BR004,2025-04-01,Demand 8,2025-04-01,2025-09-01,26-30,153
CAN119,Nkosinathi,Mthembu,Male,25,nkosinathi.mthembu@capaciti.org.za,801234567,TM025,COH007,PROV001,BR001,2025-04-15,SYSTEM SUPPORT,2025-04-15,2025-09-15,18-25,153
CAN120,Nokwanda,Sibiya,Female,30,nokwanda.sibiya@capaciti.org.za,812345678,TM025,COH007,PROV001,BR001,2025-04-15,SYSTEM SUPPORT,2025-04-15,2025-09-15,26-30,153
CAN121,Sthembiso,Khumalo,Male,24,sthembiso.khumalo@capaciti.org.za,823456789,TM025,COH007,PROV001,BR001,2025-04-15,SYSTEM SUPPORT,2025-04-15,2025-09-15,18-25,153
CAN122,Zandile,Ngubane,Female,26,zandile.ngubane@capaciti.org.za,834567890,TM025,COH007,PROV001,BR001,2025-04-15,SYSTEM SUPPORT,2025-04-15,2025-09-15,26-30,153
CAN123,Ethan,Phillips,Male,27,ethan.phillips@capaciti.org.za,845678901,TM026,COH007,PROV002,BR002,2025-04-15,SYSTEM SUPPORT,2025-04-15,2025-09-15,26-30,153
CAN124,Caitlin,Campbell,Female,23,caitlin.campbell@capaciti.org.za,856789012,TM026,COH007,PROV002,BR002,2025-04-15,SYSTEM SUPPORT,2025-04-15,2025-09-15,18-25,153
CAN125,Jordan,Parker,Male,29,jordan.parker@capaciti.org.za,867890123,TM026,COH007,PROV002,BR002,2025-04-15,SYSTEM SUPPORT,2025-04-15,2025-09-15,26-30,153
CAN126,Rebecca,Mitchell,Female,25,rebecca.mitchell@capaciti.org.za,878901234,TM026,COH007,PROV002,BR002,2025-04-15,SYSTEM SUPPORT,2025-04-15,2025-09-15,18-25,153
CAN127,Aaron,Carter,Male,28,aaron.carter@capaciti.org.za,889012345,TM026,COH007,PROV002,BR002,2025-04-15,SYSTEM SUPPORT,2025-04-15,2025-09-15,26-30,153
CAN128,Luvuyo,Magubane,Male,24,luvuyo.magubane@capaciti.org.za,890123456,TM027,COH007,PROV003,BR003,2025-04-15,SYSTEM SUPPORT,2025-04-15,2025-09-15,18-25,153
CAN129,Nomsa,Botha,Female,27,nomsa.botha@capaciti.org.za,801234567,TM027,COH007,PROV003,BR003,2025-04-15,SYSTEM SUPPORT,2025-04-15,2025-09-15,26-30,153
CAN130,Mthunzi,Nxumalo,Male,31,mthunzi.nxumalo@capaciti.org.za,812345678,TM027,COH007,PROV003,BR003,2025-04-15,SYSTEM SUPPORT,2025-04-15,2025-09-15,31-35,153
CAN131,Asiphe,Mbeki,Female,25,asiphe.mbeki@capaciti.org.za,823456789,TM027,COH007,PROV003,BR003,2025-04-15,SYSTEM SUPPORT,2025-04-15,2025-09-15,18-25,153
CAN132,Sizani,Mtolo,Male,28,sizani.mtolo@capaciti.org.za,834567890,TM027,COH007,PROV003,BR003,2025-04-15,SYSTEM SUPPORT,2025-04-15,2025-09-15,26-30,153
CAN133,Zintle,Jiyane,Female,26,zintle.jiyane@capaciti.org.za,845678901,TM027,COH007,PROV003,BR003,2025-04-15,SYSTEM SUPPORT,2025-04-15,2025-09-15,26-30,153
CAN134,Mpumelelo,Mthombeni,Male,23,mpumelelo.mthombeni@capaciti.org.za,856789012,TM028,COH007,PROV004,BR004,2025-04-15,SYSTEM SUPPORT,2025-04-15,2025-09-15,18-25,153
CAN135,Boitumelo,Ntshingila,Female,29,boitumelo.ntshingila@capaciti.org.za,867890123,TM028,COH007,PROV004,BR004,2025-04-15,SYSTEM SUPPORT,2025-04-15,2025-09-15,26-30,153
CAN136,Karabo,Matsane,Male,26,karabo.matsane@capaciti.org.za,878901234,TM028,COH007,PROV004,BR004,2025-04-15,SYSTEM SUPPORT,2025-04-15,2025-09-15,26-30,153
CAN137,Keabetswe,Mphahlele,Female,24,keabetswe.mphahlele@capaciti.org.za,889012345,TM028,COH007,PROV004,BR004,2025-04-15,SYSTEM SUPPORT,2025-04-15,2025-09-15,18-25,153
CAN138,Tebello,Mahlangu,Male,27,tebello.mahlangu@capaciti.org.za,890123456,TM028,COH007,PROV004,BR004,2025-04-15,SYSTEM SUPPORT,2025-04-15,2025-09-15,26-30,153
